{
    "latitud":-35.1684698,
    "longitud":-59.0927072
}